,0
0,2lfmRyTLtsTCkLwMQcFSQk
1,6HfOzLLjsaXsehIFEsrxTk
2,5PUawWFG1oIS2NwEcyHaCr
3,6Ius4TC0L3cN74HT7ENE6e
4,4nYsmWkuTaowTMy4gskmBw
5,3FrX3mx8qq7SZX2NYbzDoj
6,6VwBbL8CzPiC4QV66ay7oR
7,3Yt9lRtS5V4nbJnwcgFgvC
8,4Xf7EL8G6FRYwvJADl0nf4
9,5TVirkSwFEXF1nLJEebe2I
10,413T0g8pNNXYX6t5RqHvx7
11,7LJOfS8evyKfP8Fl5rdZXw
12,0O1x2tRm8ZpfDbcpOWZp7z
13,6JG0qhINKVwiHxqN85j7RG
14,3528IXKpbb7OMjdjWYlbfD
15,70b5Sq3ePOu3Gqg0hjlOtR
16,3uqez7AQId9NZ15UF9QW9M
17,360UM2DaiHZPRu0EsrOvMp
18,1QNoKVgA758HFLu3TW2q7R
19,1eyzqe2QqGZUmfcPZtrIyt
20,180jaPAbXwB4nvtieXteYf
21,1oGdVdYjeQvojGKDddxLQQ
22,3B54sVLJ402zGa6Xm4YGNe
23,13wYXGimJ5fANFu0y2pqG1
24,5nN1jGnCadYk1jYm6oV5zN
25,0Nf53RDPZEjFrQE4B5n6Vf
26,1wHZx0LgzFHyeIZkUydNXq
27,7hMqIrwysNlIXRmFCIn5j3
28,6kn1cBrCrZrPOogEHVg9NI
29,6l8EbYRtQMgKOyc1gcDHF9
30,1POAx4NMLOBPVKZUSsBh92
31,2s1sdSqGcKxpPr5lCl7jAV
32,0YoUczWJPqphLvxnTXG00N
33,0H8XeaJunhvpBdBFIYi6Sh
34,1f5cbQtDrykjarZVrShaDI
35,0hRPRbA2B1CYmGNhWhFjwF
36,0FDzzruyVECATHXKHFs9eJ
37,4CcrLWFQY4dRGMbUR59cSp
38,70Z9t1qhytWtG4cCmmi7mU
39,05pKAafT85jeeNhZ6kq7HT
40,4h0zU3O9R5xzuTmNO7dNDU
41,69XcvSymPaTke2Qb6f3W6P
42,6FuJokk9FHx0E00SZ8ib8X
43,10GJQkjRJcZhGTLagFOC62
44,0eHCArTPhwUxatY7cEXRiK
45,79KTKi7aOajF1KUzcGbyLB
46,7soJgKhQTO8hLP2JPRkL5O
47,2cZrrQMjB63c0iIugYH9zS
48,3kxfsdsCpFgN412fpnW85Y
49,1jROHCeEzDr6VnV8EnBnik
50,2cKovq3l6OJjhVVDbVKOsr
51,2TR7A4ulH9R1PNwMyd8o8U
52,6FCngfdkfRZ0CwL2eZAgnc
53,6E11E0lT5Zy7yb6iT3y8DN
54,46ZfPS5VpSQVU5gb82hg3K
55,0cNJ3huiV99wvUN1tmQLTL
56,7bEpta1ypII0jz5zW993VA
57,3muBQDekYAg7jm6hDu6R0Z
58,1rIKgCH4H52lrvDcz50hS8
59,3HooZZPp0evFShqaJ2Pwer
60,4sl4UWqzHSG7riBKdralwy
61,4qKcDkK6siZ7Jp1Jb4m0aL
62,1kiNatIrwDusOZfR29W0LJ
63,7dZ1Odmx9jWIweQSatnRqo
64,6iyp6udVpLuq3MCUulZT4h
65,62csqLJbdvAKb38rYijV1R
66,2P3SLxeQHPqh8qKB6gtJY2
67,2yUbCEiaolfSMluDo9RMmG
68,0sKlV58cODrjxGFOyf9IXY
69,25oOaleife6E2MIKmFkPvg
70,4D4xJ4LyDXBWIf9thFSMAJ
71,1jxR2ZtJo0O3Zq993R4MV7
72,5kxddRG1RZaZROadk7iC4D
73,0uFvvXbmGIXlf5ZgtHyYpf
74,0rFOs9paloAvEtzwDX1Kmc
75,57i3M29DWoo7RDk0Tf0LZG
76,6t6oULCRS6hnI7rm0h5gwl
77,1LoriJC05IrHIDwj3q0KC1
78,11Tfh16o0SW8KdiQdeESEX
79,3Y3gChJoEUTqrtuqJCIPQk
80,7vu0JkJh0ldukEYbTVcqd0
81,152lZdxL1OR0ZMW6KquMif
82,2j79NtwxoWDmkiH4MGwdLq
83,49K3jbwZmZKaDGTfjpIVg0
84,289hx4t6fH2BBe8p6cnXo1
85,4scpF6J5uMBvoh6sFB7EL1
86,5vlEg2fT4cFWAqU5QptIpQ
87,0xLveImn5AxGYzeyw1oz9O
88,6KI1ZpZWYAJLvmVhCJz65G
89,2rvHIXjN4TCFuFLZk3qAxn
90,7nD9nN3jord9wWcfW3Gkcm
91,4It00tEYLwpjQtAhqnjCPC
92,7xYqQPIvaj47pcyWQwGZqm
93,0At2qAoaVjIwWNAqrscXli
94,6hIS1u7nuJmFE12rXAPMxm
95,3vu8NXAryXrNG8ICj71Buq
96,0TFVOjSvPTjFHkiZZekK5k
97,4EWCNWgDS8707fNSZ1oaA5
98,4RXpgGM7A4Hg7cFBoH5KyF
99,4IeUAegXVbETb7FpgNDnSM
100,2xRYnHQdLD9ketvC01UYYT
101,4L2K7JKseFCBoHMZEAszW0
102,0IkKz2J93C94Ei4BvDop7P
103,3vZO25GdYuqFrR1kzZADnp
104,3Eq7yD58dIXqOgw1j7NFhY
105,29AR5X5yKPd4DBIAiqUMDy
106,5jsw9uXEGuKyJzs0boZ1bT
107,0El2Zyt68nYySFDG87hZgM
108,0h3DPHckCUqcWswjVMvdE9
109,0GO8y8jQk1PkHzS31d699N
110,4U8hMes3PqpsLJBeMXD71p
111,37FXw5QGFN7uwwsLy8uAc0
112,6nkJ6jerrO6S4V0kdc4KRp
113,3DoRDvjKb1CMgF1oyko1GX
114,1Oi2zpmL81Q0yScF1zxaC0
115,76hfruVvmfQbw0eYn1nmeC
116,67citk3uzWs5qbaIVKTeg8
117,1M2l9ReoabUnvl6Y8jLUe7
118,0vFOzaXqZHahrZp6enQwQb
119,3I7krC8kr0gFR7P6vInR1I
120,1EYSS9Lp7a9f20C3FaOVgI
121,1PoGWZbJPGmViVi7CYbDUK
122,6o1Z2MVv2byORiceryikjj
123,3b7CDTKB0SRTmQ6ytYi5vZ
124,0c4ICGb0jvszKj3KPR59JU
125,4PzovBqgnSHKd8opsP7IVM
126,4aX4Oycsk1fhHIee1zqsDe
127,1cRc03E5Ps0fwe4l8fz2J0
128,1k18nxjYj8R5iz82Ap7GEY
129,55nlbqqFVnSsArIeYSQlqx
130,4YkwUfWSIxdKNLDXw0caFO
131,1YhFtqwcN138S6ng3MT1nN
132,10I3CmmwT0BkOVhduDy53o
133,1QRJb5VY3sIkCKcTuIKCrk
134,7pxhKtuTwofDIdgHx2DcVK
135,4BHzQ9C00ceJxfG16AlNWb
136,6MmxDAqXSxFS9dLQs1l7DT
137,05ZACkzW8YbRq3eFgIfSNB
138,0KKkJNfGyhkQ5aFogxQAPU
139,2jATUzETZL49e6SywauZKE
140,2fZQIJew3nkNe99s2PKzul
141,1KzGj3xvi9IiY05kBlkm2G
142,4VRRbrw7ai2mztUrXrAvfd
143,3uulVrxiI7iLTjOBZsaiF8
144,1ZozJfi8u9cO2Ob8KwiwNT
145,7bmqcI1HQwx1PWwYyZO0lg
146,4KhanrenBxgyXYkFCArMyd
147,1s1kY9duH0g4jKHrxxjTkX
148,0Di26AbdtizzHkFstPyt7A
149,3yWsWi2PAo9s6elIhnywIS
150,7xoUc6faLbCqZO6fQEYprd
151,586T4NFpg34rcFG3q7y2I3
152,4nxgA1nvXvTkmsBY0vJV57
153,4UXpJDvdsfneLvT09oJocg
154,2fQ6sBFWaLv2Gxos4igHLy
155,6JG0qhINKVwiHxqN85j7RG
156,6cFZ4PLC19taNlpl9pbGMf
157,37sINbJZcFdHFAsVNsPq1i
158,3nAq2hCr1oWsIU54tS98pL
159,5Net7uzpcqkJtOwR22onye
160,1mMLMZYXkMueg65jRRWG1l
161,3DvXCbvkyzyfRYiWOJKWEr
162,15JINEqzVMv3SvJTAXAKED
163,2EEeOnHehOozLq4aS0n6SL
164,7ongSdLv28Z27WeCrzZXwB
165,61QSuw5VlC0LTS8WMO356g
166,7y9iMe8SOB6z3NoHE2OfXl
167,5Y9fnynLlIvqtM710MHzfz
168,0FbSpY8RPxTRxi1Fpj9Dz9
169,7q0aQpiLv5tIsupcgQ3Ny4
170,6y35xDJFzpy1FIa6qCMA59
171,3S4px9f4lceWdKf0gWciFu
172,3G7XYAwtxtoGK7fAm4IlD9
173,6mH3qVIeOsnQIAho5eWwhH
174,49zNucKnYbQVm4u7jEVkBn
175,7FFqcNFMdRjWYE9PfN4Zu7
176,1i1fxkWeaMmKEB4T7zqbzK
177,7haN4XreV4WkoBQmkYM709
178,2mCF8L0brIs88eH6Kf2h9p
179,2tJulUYLDKOg9XrtVkMgcJ
180,222dTwr5XeEgAzEtsrQA0R
181,4bZd0nRuX8HyjeXAUBczvm
182,05Sgj1Hx03ZXc57gsV1kfX
183,5h2nC1QYVpK0AJra70Ja3p
184,6IDDwI0YOCAUDhMZltQekS
185,5BJSZocnCeSNeYMj3iVqM7
186,5ArQzSBevAdXTxRY6Ulhbq
187,78Vlnc4bXOViRHPx7lwLbd
188,4xBjsLUSjcx2h7PcRikpQp
189,0PJIbOdMs3bd5AT8liULMQ
190,3uKYz8ufJxHfQXtthmLLOJ
191,5lNuqFVMca4vPupY10cH0J
192,0obBFrPYkSoBJbvHfUIhkv
193,3JffB4CABj9lA0NC63kbCp
194,3ZCDG0nujwGfxrEmZlZoEt
195,5XFu5S1vBY7sNHlheCapOz
196,13VDHbpoKlRhtgUaWTE2Ld
197,2SEsRxNSXidnMOZoTEzX1k
198,5L441bJlqd4wSogIp1WFj0
199,0zVMzJ37VQNFUNvdxxat2E
200,5FIp4LrsffxiHLhmmpCbCx
201,25cUhiAod71TIQSNicOaW3
202,0SuLAslEMFZAXf0SwY7syi
203,3iVcZ5G6tvkXZkZKlMpIUs
204,1dgWTMoHwTUnQhOQ8SR5fV
205,7neVcKsbivjMDIkdfoao5m
206,7uVkYr8gxcPEgqohvynpdN
207,3JA9Jsuxr4xgHXEawAdCp4
208,5Wj1rJnCLpMHdLaxsFtJLs
209,444P4wvSDa0SD5HE4YGx9B
210,2BqQQXuBOuhaWeUP7okEx0
211,7oGZAicScQt96OAW4AruYy
212,66xn6tB8s3l8uhj02OGneE
213,7rc6L3UtM0uvwfpsl07GBL
214,6xHI9KjUjYT0FPtGO8Mxa1
215,58q2HKrzhC3ozto2nDdN4z
216,0fioLzGM8ngbD1w6fMmm45
217,0YPXkQthLWrhNGoKTbwCJ8
218,7J2gyNghNTzl4EsLhXp01Q
219,4IowQDUOzUvNtp72HMDcKO
220,7kqcudBGM74MXVoYMaoWkC
221,4z9gBZQjGS4QLb4LOvmeuA
222,01TnVDiet1DFTsyWKUKovl
223,20dP2DaMHIAmwWAbp7peSr
224,3mmaUdrZwIVliycGKHqzvG
225,7lQ8MOhq6IN2w8EYcFNSUk
226,1ExfPZEiahqhLyajhybFeS
227,7zBPzAjKAqQpcv8F8GCq5s
228,0Qh38w01QRXK6KHIv0e3hb
229,6yMxfx9wpiuhhdb8vHDVMu
230,22Mme5vsZ688TMUieIHdx3
231,0uEp9E98JB5awlA084uaIg
232,58c8ZlxOcyI1cd4qaB3nOZ
233,2nMeu6UenVvwUktBCpLMK9
234,0O1x2tRm8ZpfDbcpOWZp7z
235,1wCJ3JIsNaJK0MYct4Kmrv
236,3bfqkspKABT4pPicm6wC9F
237,6o2g1BJvtYQssH84kBYs7y
238,2qsQ8eVDPmobZpvDxQCVQu
239,116kG9vvdUtoprjYtToONt
240,3a1lNhkSLSkpJE4MSHpDu9
241,5kNe7PE09d6Kvw5pAsx23n
242,2x0WlnmfG39ZuDmstl9xfX
243,5hTpBe8h35rJ67eAWHQsJx
244,0kk5oYNOLh11TSqsVqIWyn
245,5zQ1Wq6HNYjGZWkVv5P8Eg
246,51rXHuKN8Loc4sUlKPODgH
247,2aksifNn5ph8igDOkPBA02
248,40YcuQysJ0KlGQTeGUosTC
249,0PT7nlpo11hYYyfnBgtilT
250,6hmhG1b4LEyNuashVvuIAo
251,4ucLHLiSjvkCz5Lr5dlVUj
252,2ekn2ttSfGqwhhate0LSR0
253,14UE0L5fL5TL0ohEiAv56X
254,5vTPxzm4h2bY9rYyVrGEU5
255,25oOaleife6E2MIKmFkPvg
256,5S5rw0WLVCAux5B5bWCehK
257,7wZBuBh6xJI7QAdAI6XqJN
258,0BLPuaA32HDg6AJTUT4WMl
259,5SUKnxEQaFFeudmI4qYLd9
260,57IRaiAB4hBZu3gnNVZC0v
261,081t95JRuDUrQYSS3h8iKk
262,1yjY7rpaAQvKwpdUliHx0d
263,45aBsnKRWUzhwbcqOJLwfe
264,45aBsnKRWUzhwbcqOJLwfe
265,6bkSgfytOXAt8KvtAxLfe1
266,6Ljak2OKTpSJSWWRPgiqO4
267,1BRwuvjhkgezmv1gcI6lT6
268,6Pgkp4qUoTmJIPn7ReaGxL
269,6U4VqEHy4n5VeiH4pQPL24
270,3lBRNqXjPp2j3JMTCXDTNO
271,7tFiyTwD0nx5a1eklYtX2J
272,4urcG6Nfubqsuqy3juMjBi
273,42CeaId2XNlxugDvyqHfDf
274,13P5rwmk2EsoFRIz9UCeh9
275,6NFyWDv5CjfwuzoCkw47Xf
276,1MDogqDrStFSO9cdUTUFem
277,14boA065HMHWvqyPPEeN4y
278,2U0tVw78WKa3Xd9NhBEwMF
279,6N9ZOtguCnnrvwH7zD82WJ
280,11qh54D0PKkBwelpDxxiEU
281,0Xm8tw6qikotb8FAOZ2ks7
282,4qRaZYiaOsSvWC7VgcxrI0
283,05SBRd4fXgn8FX7bf8BCAE
284,4VC5nFbYO4avKksJ9jN4pY
285,7GX5flRQZVHRAGd6B4TmDO
286,7fBv7CLKzipRk6EC6TWHOB
287,1GtVGc1UYin3zpMUdNSSpM
288,4gB7HrYHbJVJ5RFOjxmoq4
289,16DRIwIBIgZdAgpp0vLh5q
290,3YimpODfNhxj3rN81v4WvE
291,2egKQvoHiCJyHXn8lRlsrl
292,6dEnpbXyamib2EJnRhTt0G
293,7KOlJ92bu51cltsD9KU5I7
294,7Il2yWQmsqKgSkLQvHTPUI
295,5zMRkxgFscsPItPsMy4ItS
296,0Yvyj5YkjSBNgD4Ai0clSG
297,1RG8MABX0VciDk6WYb8pBv
298,6V3wTb4VVDWRw3YEDgc6Py
299,4h8VwCb1MTGoLKueQ1WgbD
300,46IdjlVO3EmaMqooXZ1Hcu
301,6eT7xZZlB2mwyzJ2sUKG6w
302,6mFkJmJqdDVQ1REhVfGgd1
303,24XPxbzGwOlPKf1pdf1ZtW
304,6RSNKGdv3nDTHqgw4bdzyF
305,08wJ1B9yu9sPeoRa5fbpr3
306,2aYzt5nE3tBUMahasMUoOl
307,5suEtW2DUAfvroohjzgatb
308,2DPYlWl50ydYsnnuryL5aX
309,3axkNosdVQLZiq1HakuGhc
310,6HZILIRieu8S0iqY8kIKhj
311,2ZFrEp20VO25BXYhMxh0GW
312,4hxfqUojJ5u9SyAjiXevmy
313,4gs07VlJST4bdxGbBsXVue
314,5XcMzuskwO305UC7RBm9Zu
315,6mFkJmJqdDVQ1REhVfGgd1
316,1TwLKNsCnhi1HxbIi4bAW0
317,24Ew0QYeGLh62CX4bz9iGJ
318,2m2ZGfJcs3lHWNPzhWH3XH
319,7mhk9WyqZZzvTTCQKfh2iV
320,5A6BJLZArq1MPjsnmcuk5f
321,0sQLhT32E9ZG2zn5iYR6nN
322,5VSCgNlSmTV2Yq5lB40Eaw
323,7KLB6Jptw9wyQXkSLiO8qh
324,2MNapHbu7QASoukvVVIxyr
325,0gL0Xf8CN95HmgfEYYLRZV
326,3izNaTiYdotdPL0Bs76JqO
327,2Xqd0wUttjueBfdcltADOv
328,689uBlyIufk2LUhAwjny4w
329,0D21XvHcVsIvJM6FcGY2BT
330,4lJ6YVXQ0jUk5ILu0PSrA4
331,4vw1hvj7rB3v3CmvE0BvxA
332,65fpYBrI8o2cfrwf2US4gq
333,6F5c58TMEs1byxUstkzVeM
334,5uCax9HTNlzGybIStD3vDh
335,2YMhrXQYKkm4kXLcXKKd5z
336,4H7WNRErSbONkM06blBoGc
337,4Ro98RCK90oHqqSZUnTFq5
338,3ekNuTF3UpOvIZCfiejpnC
339,3ubtdCmWZIuX8FuRv3S3KX
340,5Xc1asNg5VerELR1wFjAey
341,35hW18HrovbypDjBg1R2kw
342,22DKsoYFV5npPXmnPpXL7i
343,54YvR3jlAJ3nnSCK1dWcwm
344,6rbeWjEavBHvX2kr6lSogS
345,3Wf2YGdYT8xVdNsQSoRKk9
346,3XKbdb9GB6u3hsnUklQTav
347,7F9vK8hNFMml4GtHsaXui6
348,5P5cGNzqh6A353N3ShDK6Y
349,1OOtq8tRnDM8kG2gqUPjAj
350,60wwxj6Dd9NJlirf84wr2c
351,72Bz4ciRZPBcVSw0nrZDHi
352,6YZdkObH88npeKrrkb8Ggf
353,2pkIwVznqEUs8v8clH0yDf
354,6C2XDnr9B6obGMVhHS1Nmo
355,3gHc5XTAywdFQUsHS6DD7G
356,2yQZwi1P8AkkxxFhQ8rMEK
357,29aSfWddeZJCfnrcMb20sy
358,4n0xztUAbHPUV8G3NQvF30
359,25KybV9BOUlvcnv7nN3Pyo
360,1MLiJQozVUdCCNudp1cDbn
361,7FfpP3YZ6fOWMdxkIAtud9
362,0npGoOENjn7vVvIMmvWekQ
363,1ID1QFSNNxi0hiZCNcwjUC
364,0JP9xo3adEtGSdUEISiszL
365,0v9Wz8o0BT8DU38R4ddjeH
366,1XWcdNQvGrX32fH09CwuWI
367,3s4U7OHV7gnj42VV72eSZ6
368,3GL12BAZFVQPcCOAgPaSsT
369,4v0CuFW0bEMBQ1gRn2mB3X
370,33QRsLBBdWDYgCZfWEZqR6
371,6W9W8dSswA8KNegvl3W97V
372,47KDDZgFiX1w6RFOuLXsSn
373,2d8JP84HNLKhmd6IYOoupQ
374,6rSuL1ViLO7Aljn2WD09s4
375,5JtPGzRgrWxkXX9LoROq3d
376,07o54snAilKYHsW8bGFe9x
377,4anqYZt4APNlFwQixpbdZR
378,0qy5D3OJre7SPJNMOL9I71
379,7vr42ZYb6lBjSBnc9zfohk
380,76S09sHj7GGMJAtOLjmVQ2
381,1pxXqJZBrCREdC0s4Xs6Xz
382,3QkXEz9TxApuk1JpDmeWnS
383,3Q3myFA7q4Op95DOpHplaY
384,3M31S6f0z8S3nkFh3eS06W
385,4wTChU0tU44TAMC0xcQizi
386,1X1DWw2pcNZ8zSub3uhlNz
387,5S5rw0WLVCAux5B5bWCehK
388,4eHbdreAnSOrDDsFfc4Fpm
389,23SryQFx36SXmuAj7tXxec
390,6TwhBJgvrPrdNe57lYVV55
391,1MO6jWRxOu1FMY3bVFVOfw
392,52okn5MNA47tk87PeZJLEL
393,5QjJgPU8AJeickx34f7on6
394,0f73zOCdBx6ZPdiBjwN1AP
395,1JmHWmgrE2YbkyX8PTd0Ko
396,3MAgQuClHcAV8E9CbeBS6f
397,1LeWIs2hP2r5yOQnVuYoI5
398,1oew3nFNY3vMacJAsvry0S
399,746PsZ5jTdqIJ6LgJAHcEZ
400,7rdjfrTBMNt3KaaGvSv3YG
401,2BNkTvg1kHAAfGvqh56x5a
402,05Z7jet4VDNVgNQWcYHnrk
403,3gbBpTdY8lnQwqxNCcf795
404,3xltN99Cj2KF5AZFhjDibh
405,5fnA9mkIfScSqHIpeDyvck
406,58q2HKrzhC3ozto2nDdN4z
407,2xbI8Vmyv3TkpTdywpPyNw
408,3CRDbSIZ4r5MsZ0YwxuEkn
409,0MrRAUcB8AZiB9ue2VOBYe
410,0JXXNGljqupsJaZsgSbMZV
411,4Sfa7hdVkqlM8UW5LsSY3F
412,1fLibtVj3MrNTwRZq5yUOs
413,2wBCrtJS3E3TimRZ5MElTI
414,5KONnBIQ9LqCxyeSPin26k
415,4Oq3R4drZZfGWdxbhKrPvb
416,40yJGQyEaBbIkXpwMFkXip
417,12d5QFwzh60IIHlsSnAvps
418,46xDHGYxW0Z2o20sOsWLAx
419,4P6BuLsqtg5uISdE77ypI9
420,2ISSQPb9LHHiV6ng2NXosL
421,61voPX1C71rhwynuLQyajo
422,1wVcLKdJ4AFKPhKucNvEpy
423,3fyMH1t6UPeR5croea9PrR
424,1zLvC52CvlRm6h3RD1rfLO
425,2zhk0kypGeOPsaaZcjyc14
426,1r6cyaW7yMykwSyxTuwcuM
427,0TiC3GtlMCskf2hIUIBcDV
428,23lvIoxPKidbMvQGbdgO53
429,6rPO02ozF3bM7NnOV4h6s2
430,77doqkS2s213W6AKgPC6Xj
431,1i1rNVtxbE7rdFfpHuNq2j
432,1Vot6YSxInL52SGTN0XN9n
433,6mb6lVLNrcUgLnEN8QnDJd
434,5ctk3VJoHoURSiwkCJn2bf
435,3e4ZaMM2t6Pv25W05KfZTP
436,5xpmdbQcfIOsE1hACcC3UK
437,7k9rcsOLrZBzxIL4cyAipZ
438,09IStsImFySgyp0pIQdqAc
439,73WWkaWkIRSP3MYGZ14aY4
440,6jvvpPJQJy5rMOEkLlADl6
441,08zJpaUQVi9FrKv2e32Bah
442,5mvKuE9Lf9ARVXVXA32kK9
443,7w87IxuO7BDcJ3YUqCyMTT
444,66Q3fAmSX5eHamgbKa9alP
445,0U6uTxVPeoXFcxlXMIWgAR
446,5r00wpsojd4mBYaQFDvni7
447,3ebXMykcMXOcLeJ9xZ17XH
448,3CKCZ9pfwAfoMZlMncA1Nc
449,3DmW6y7wTEYHJZlLo1r6XJ
450,63OQWdXMq0Pe6pRpWY5gO0
451,1Cj2vqUwlJVG27gJrun92y
452,2Gy3XMLbBxACZ4tXdFRGr7
453,4JOP8ELK6AaeySe7sKe996
454,1PCvKFPWnTXAe2oaReVUcr
455,7ywzEdEuVG1lsjsRCGJfLy
456,37XDM9pTC8DeOejlUaTDaP
457,2EWpa5XnAuSn0sIkSSIhYk
458,0tBbt8CrmxbjRP0pueQkyU
459,6KziiQUOoCmC7Kc7Rv4jar
460,2xTft6GEZeTyWNpdX94rkf
461,3U4isOIWM3VvDubwSI3y7a
462,59tUXZ9dL0qkaa18WCfUnZ
463,4Hhv2vrOTy89HFRcjU3QOx
464,0n4bITAu0Y0nigrz3MFJMb
465,38xWaVFKaxZlMFvzNff2aW
466,0bXFIF7iL17TYLyx8JHziM
467,2Vevs2eAQNNb7NTpKj5kqA
468,0mxoXsr14ILAYcXZBMJcOs
469,27mF2eUbhExYWiOT0y9cuc
470,61s24wRVyG7NP9m7EjdDKL
471,0Dc7J9VPV4eOInoxUiZrsL
472,12Ns5IphkblPmHxpRILG9t
473,6xMHglHoafdDFGXS6qfwSH
474,1KSqYYJFyfTecXFk9M0prc
475,6QgjcU0zLnzq5OrUoSZ3OK
476,2HO0uCyq8jOveEzvmo4JEu
477,26AGhzVb4qXRy1QBMR7lzG
478,0CokSRCu5hZgPxcZBaEzVE
479,1wcWdMlLjzp7Rx25JJN7c4
480,0w3Q14i073jLoew1hgJkwD
481,4mnuiEDq1ADXUTYWJxLo4B
482,3zU9rdflI65tK4dkkNSp77
483,5aj0xPGiEUN3aI2oOYu14S
484,0NIIKjRSjFVfjkgcgWlgQu
485,5Gu0PDLN4YJeW75PpBSg9p
486,7DTlsMOQjGysXHpwwpHuPl
487,7cPglGvAJ6NsjBYjxepwwI
488,3PY88239tYBnAv5LQoU2oY
489,4cxMGhkinTocPSVVKWIw0d
490,0hNduWmlWmEmuwEFcYvRu1
491,2mXsZsJBThTaJXbNcg5QD4
492,7xoUc6faLbCqZO6fQEYprd
493,4v0CuFW0bEMBQ1gRn2mB3X
494,59dLtGBS26x7kc0rHbaPrq
495,3C2xQqHVkhA1Ht17SzPRke
496,09IOPhEh1OMe0HD9b36FJk
497,5XQMr19TL7Mfksq9zihbOu
498,52ioLaTnO2J7BWY8UN2n9D
499,5xhQChGGhKLWqBqX4XhtYE
500,4LiMQ6G9n84rDUBs9wtwz6
501,6zkHymyoD3tIqV7RwCAYUw
502,6Ymvlzom4TQeoKqAWsZRD8
503,2UVbBKQOdFAekPTRsnkzcf
504,29gsi1zZrZxdStACmTQB0Z
505,4iD3msRl5hJUBEtrQwnR4k
506,5KONnBIQ9LqCxyeSPin26k
507,02eD9ymfJOJOhM97HYp5R9
508,4o6BgsqLIBViaGVbx5rbRk
509,0mBREiw4ppCXccM7rsk2RC
510,7vs4RrAcoc1VzY0dKUsKF0
511,4HiVpz0nbHCzcIMxVDyLNR
512,2ANLarE8yHVsLWW21nj79M
513,1CKmI1IQjVEVB3F7VmJmM3
514,4jtyUzZm9WLc2AdaJ1dso7
515,3g2koMSfvsAGKcBAHyFtUF
516,1HNs07uZxZniPNmniw2GTa
517,7aftSOGSOpSoIlVAQVBb71
518,5YTtTbqxUzJHD3CpbNHerP
519,3EofjRgUI1WrzqqtLb8NoF
520,7BKLCZ1jbUBVqRi2FVlTVw
521,0jWgAnTrNZmOGmqgvHhZEm
522,1gihuPhrLraKYrJMAEONyc
523,0AdjJ2SaOeb5bPJ67nDbsW
524,19cL3SOKpwnwoKkII7U3Wh
525,0W4Kpfp1w2xkY3PrV714B7
526,58zsLZPvfflaiIbNWoA22O
527,0lVYRIVjK77Z6uG2GgM8Kl
528,0cV4xwUA4ue2deqq4CZFko
529,3e4ZaMM2t6Pv25W05KfZTP
530,2ia7iiEtpiOL2ZVuWxBZGB
531,5YHR8wBR5jXfGtP766NiAT
532,13HVjjWUZFaWilh2QUJKsP
533,5Gu0PDLN4YJeW75PpBSg9p
534,5A6BJLZArq1MPjsnmcuk5f
535,1dXUWskP4zy7Inqpfy5hf6
536,6z6CGFbowofeJZCMmJ7Qnc
537,5rX60GiR64Epgri9Ubjzg9
538,5ytc87gcx6dZ4nWRNykinV
539,0OlS52TmtK2gPaEtdmr7DN
540,07NI6CCv57IbIqzy10ddd7
541,5Z2S8VemQCfM02SLq8o5cR
542,6Jc69KjFo9QNailcyDJh2I
543,6Nt8JXqD73iPp1tJLJduaQ
544,5hgnY0mVcVetszbb85qeDg
545,3Jv1XgMPVjdN5xGfnRJ20s
546,76VtA90NKurNqaQpV126Ue
547,5YCGqhMNKBqvgGiEzLpOJO
548,0wyja8xD9cNhDtfuY0dVMP
549,5knuzwU65gJK7IF5yJsuaW
550,2Gyc6e2cLxA5hoX1NOvYnU
551,5xTtaWoae3wi06K5WfVUUH
552,4QczAMpo49owCaNZgtoIvv
553,27vTihlWXiz9f9lJM3XGVU
554,1TKlBK9cSrM5u4CiL4SETS
555,3G6hD9B2ZHOsgf4WfNu7X1
556,7JIuqL4ZqkpfGKQhYlrirs
557,4JjIIBNoho0V2gZjH4nEzR
558,1Lh8n5owE0h0hgqWfqtvuD
559,2znzyzlAUc8Z1Ikq9aFOcx
560,5mFYtqhN4T2D9IPSaZnVDw
561,2vaMWMPMgsWX4fwJiKmdWm
562,5TmniyS4q2cABzJTiGH8uP
563,5hZUqVitmzZQcTtpkybSj6
564,2NYYUTe0vuU5Tq4smECz71
565,6bdDMSGOpu4u2AT4rarSDc
566,7zVCrzzEJU7u24sbJPXA5W
567,7GX5flRQZVHRAGd6B4TmDO
568,6ll39ALTlddWWQZLjSFlwM
569,4DdaOUTsCqz4cLK3z92oso
570,1nX9KhK3Fff27SnrIor2Yb
571,0JXXNGljqupsJaZsgSbMZV
572,6z1frj1JhCZhgKzUZUNU31
573,2wqaekenSQZm7hxQOYt8oE
574,2OpY5KKUvkYAkiY8FEG1Wi
575,5Hroj5K7vLpIG4FNCRIjbP
576,4NpDZPwSXmL0cCTaJuVrCw
577,5qkWTBmDmZjogwIvbKtJQv
578,42GcjriRK6srwHkfbkBqVl
579,2sbwzB0N7aR4iG2kZSBjV7
580,5dNfHmqgr128gMY2tc5CeJ
581,5dNGORzxFb5z3v7vSAFkTU
582,365wwIjijQdlRJEjUWTidq
583,1soxUgYIZb1qx1c7o1Lc7z
584,0Nu9WA8kEbBWEsay2s8Q0U
585,0spRhrdp5a0qHBzcYwtFIX
586,7gHs73wELdeycvS48JfIos
587,455AfCsOhhLPRc68sE01D8
588,0r2Bul2NuCViraT2zX1l5j
589,7AsqUKKbPMxOFNIbRLBxHt
590,4pYd8dIohiqc3KsxSRqf0w
591,6aPc6SSWgTsiXrrUpJCPlj
592,6VZCuvHwk3xmjwgKga0bNi
593,7DiaNCPgH5dJ1cJ925jTAA
594,5lvnGiTAH9BVlJLHc0DXZz
595,4bEcoz1OcfMgUbp2ft8ieQ
596,1e1JKLEDKP7hEQzJfNAgPl
597,22PMfvdz35fFKYnJyMn077
598,1LM5zQv5pBKPyO7rm7Uz6U
599,5maiP9UMnTSgoxPX8X3bdz
600,1Tt4sE4pXi57mTD1GCzsqm
601,6Hgh47WXVKtXN5zGOu0hjI
602,7t2bFihaDvhIrd2gn2CWJO
603,77hjM9bMmgfTGJXv14UFmi
604,0fgZUSa7D7aVvv3GfO0A1n
605,7FOJvA3PxiIU0DN3JjQ7jT
606,6ZNo7Vi0TE9ul1fhKd4S1M
607,5L2l7mI8J1USMzhsmdjat9
608,6enPOmd3vSFpI4jjms8kXN
609,2pg2TiYo9Rb8KeB5JjP7jS
610,2toY6JyyfKy9TwNk3Ou2XG
611,4wCmqSrbyCgxEXROQE6vtV
612,3MFV4DgrAOXz6KURPQxRj9
613,3kSXn1osC89W8JcPLozTzs
614,61LtVmmkGr8P9I2tSPvdpf
615,6e40mgJiCid5HRAGrbpGA6
616,3o37M5aX3HVbbVBkacJlXj
617,4hrae8atte6cRlSC9a7VCO
618,3V8sM5OOG6YfDuDLa2IIYJ
619,2ZyuwVvV6Z3XJaXIFbspeE
620,37f4ITSlgPX81ad2EvmVQr
621,056rtilqF4cqLOgDQGqYqv
622,0815caqt2Lytro5EIzMufT
623,5B25Jpgu62IX8w1YtLibuA
624,5Z3GHaZ6ec9bsiI5BenrbY
625,2NniAhAtkRACaMeYt48xlD
626,5sjIhQzNljMVrDklI91ezp
627,22L7bfCiAkJo5xGSQgmiIO
628,66pxmg3Jhjm09tHoWR1wVR
629,2yWtLaPCOUDyi7f1lOXCn5
630,2TAcwD5KcV9uY3O1tLGV15
631,0NqZ65jPelNB13gzsvH2Ma
632,0eJOr5krUsBTTgeytfXekh
633,2M9ULmQwTaTGmAdXaXpfz5
634,4LmAnpjlhWTahvRkYR8xJa
635,2gTYVoQCUh0QNUaFix01ld
636,4lESS6vuruP6a79KWRaQou
637,4BggEwLhGfrbrl7JBhC8EC
638,2ZdCrBA52bb4pIG3tOOZiQ
639,4qhhB1wqCRU5BBzotRGov3
640,7f08qp3HROTkfrtNpiYGGo
641,13JngJc6J0ykO7Pq0gin35
642,7uYgVgRSgqluZclLS7wpp4
643,6zOhgKfbMiQWToE6K13s2s
644,4lnAN2S1fcI0SjxEbksZVr
645,4VFE6ZNqa8jHAmbYICoAFg
646,39pS70eeDvyCAF3t8NAlVV
647,6gBFPUFcJLzWGx4lenP6h2
648,0rSVWYKiBkirydeEyFevAn
649,61zTSexBvC42Db8jxMHuKx
650,4gyBgAXjXPkuhQZ98cEwGX
651,76cy1WJvNGJTj78UqeA5zr
652,4u26EevCNXMhlvE1xFBJwX
653,7FwBtcecmlpc1sLySPXeGE
654,3nuIRSsffklfjjHMck9XKb
655,6i81qFkru6Kj1IEsB7KNp2
656,4ZF2WDTBVFihfTkxfme8JE
657,3a2tuvXCHbW5nuUckuHkKT
658,4TEW1Ft6bXJlvJDmfnRX90
659,0B8QzDH7YWih85V5SEMnyJ
660,5fSPbm5lcwtqwXkeQQswW8
661,4zIaXqKCXZs02eB6jEe5Mf
662,3nw9J97nUugT84SIJdjhAV
663,2wqXQjOmQ9KoBm9Ssgt4Fo
664,0bhnUFDQFCEHCBlsQfHnj5
665,0LohatbcUXRauoeMlR1jnS
666,3cqZH3cqvfbV8wVbvHyPbG
667,47nm8czanMUzIqHsnr5x61
668,3JvrhDOgAt6p7K8mDyZwRd
669,6WAxKNbZoGNzQTIvdMqkFs
670,6gBFPUFcJLzWGx4lenP6h2
671,6Vc5wAMmXdKIAM7WUoEb7N
672,7px4t7HGiuMUvFkEOpZEwp
673,0IkKz2J93C94Ei4BvDop7P
674,5Db9VIdDsN5yu3Eu7CT0i4
675,0qOnSQQF0yzuPWsXrQ9paz
676,2yJ9GVCLMmzBBfQAnfzlwr
677,7B6m8tHAYZsOKOKMU5SR2n
678,2debnSAcyNCJnR5ysByXDX
679,29rfPTA47K0xyl1Pnf1YBw
680,5uqphUYsR45kPYplrYSAQh
681,3ncgNpxLoBQ65ABk4djDyd
682,3YZE5qDV7u1ZD1gZc47ZeR
683,1ULa3GfdMKs0MfRpm6xVlu
684,0yt31hMKZMiyIEfiBiLD2N
685,39hnH8WdPmNT3Q3yzwC9Rg
686,06iMqWThw4w8fTFyccvOwr
687,2A69wys3S9uiPSmn6UZWJn
688,1t2hJFgJyUPD2crOafMUEk
689,3C6WblKJq7rpsPsIafytEV
690,0wdKiSBUT7aZkXUIdJWcwC
691,2mfahQ0EaaZWq4cFNg6A1o
692,5OMwQFBcte0aWFJFqrr5oj
693,4T5Z4mbTe7kuGqgLpaRtTh
694,6naYpFIKihKbGg6lGxpveI
695,1vBeIXlzbAieGoDqInav5j
696,5ilbsx6qkdgTZLptWIvXEV
697,6NWl2m8asvH83xjuXVNsuG
698,2VQc9orzwE6a5qFfy54P6e
699,06gD2ZtK3Dzc1BYqWExQJJ
700,2XMTqoHHSH0lvuXrvIEdco
701,3Dwq1oiOFys6Sxr5SslmXw
702,2kWowW0k4oFymhkr7LmvzO
703,79gkHjNTSyGPXEyGkNQ8zH
704,7sR0j3bGUnugz07ZDtqLU7
705,6FWrlXo99QRmPtOeUSWDjv
706,43hHjvaO9brl5t7ywedeyx
707,7CZiLgkiVHhFcDkI2Y4lZ4
708,0qYTZCo5Bwh1nsUFGZP3zn
709,2n5gVJ9fzeX2SSWlLQuyS9
710,49eplIHvgCLY8HAgcaWrUb
711,27aDju7VAODvQYHWrrv6o9
712,21ugcKQyclYBZvzmCXsZ9x
713,2e9EZ2V5QGGZPMJacO3y0Y
714,1ruMZWNVpNd7uhl6cSvNm1
715,7vRriwrloYVaoAe3a9wJHe
716,1dNyRyz1QBN9kO1etUs1PI
717,0nCU6JTonBdrIKpxErujKu
718,64GRDrL1efgXclrhVCeuA0
719,6LzsmlN5UbCYytaaKZueRH
720,3y1t2sEahs8idFz2tiYNPO
721,6gj08XDlv9Duc2fPOxUmVD
722,0xwPzLmBAYro8BUz7MrtAo
723,57IRaiAB4hBZu3gnNVZC0v
724,4G8gkOterJn0Ywt6uhqbhp
725,0fYVliAYKHuPmECRs1pbRf
726,0phwM5a6TdLBDl0F9bk5fl
727,45sDIKapDyxPl307QpEAwl
728,248OFOZef6ShXv6DGgbnxU
729,4rUTAkOU7OkVGeQuyQCHhF
730,11Iv8RCFmeImLOpaHYxKb4
731,1IDF4jYiuI17U4BW23EoXV
732,6DEaND0SHv3sC11xobZLiy
733,5vuMtXS5kQ7F0o9V9rG1dG
734,2DGa7iaidT5s0qnINlwMjJ
735,4MPTj8lMMvxLwT3EwuXFop
736,1KtD0xaLAikgIt5tPbteZQ
737,0ileL1L3Vtpf5VZ5RQZ94m
738,4lUnFLtn8w3W76FiYDRzmO
739,6mAz8D1TmlTuef90dbNIiZ
740,0mtPNQl5vePVwiI9Vykp7L
741,3gVRILe7XCyNakb6sy5umX
742,3zl4HPDF1fCoTZnPjHgSsb
743,5eWOsyHHic4vJP3LjTVhqv
744,6jDMlQsmDnKtusidx4P4p8
745,2WKCH4ISejDV9ad7iPp5XU
746,6lanRgr6wXibZr8KgzXxBl
747,21QaCM5SdwjGbAimqJUnmC
748,5dNGORzxFb5z3v7vSAFkTU
749,6bxUnsSGZCmoHHU5auwtps
750,57iDDD9N9tTWe75x6qhStw
751,5EQ9yEra0SzVd673ZfKT4C
752,3W5GXbS3ugsYjx1X0xBNbL
753,2L6orAlH8tBhiFTumIfMyF
754,5UsW4W8VgHrRLDzXQ9XSpt
755,15EPc80XuFrb2LmOzGjuRg
756,376KnY4TrgBITxjlnbnmIy
757,3cU2wBxuV6nFiuf6PJZNlC
758,4qEoqyPbLYnLOii6mKlIjI
759,4VJ7mnW4wjjIgPBM6KWvPu
760,3Ga6eKrUFf12ouh9Yw3v2D
761,1jNNHFZmRGXZFHlil5uhei
762,759b29QKmhaVSAuMp6AfWr
763,2wxfu24GQpEZQrjDJm5Ac1
764,2HGymMoOdB4ZYv0AAqYmgF
765,6sXK2Fq7Ibi3SN6qYyQgIG
766,35nI1AQT4er6Z2BQlyNd6j
767,6VwBbL8CzPiC4QV66ay7oR
768,4O1CExxinEpKZi3861NlTK
769,2WxU94wXLXR4iTreXbx3s6
770,19PJ75UGKjpBo0muDNyxPW
771,5yuShbu70mtHXY0yLzCQLQ
772,030OCtLMrljNhp8OWHBWW3
773,3qQ6WFhcAx6LOH1UHz1c0U
774,5BtS8w1kkjLV1BbvB0t12u
775,0H1OyEooZ5SzBYYdJEzxoy
776,5YHR8wBR5jXfGtP766NiAT
777,10M2Ex445zw585Ducldzkw
778,4l62h4tiuUwn7eD6hxMlVQ
779,4Jz4bjXeiF2SXVj9P4YfY5
780,2BBkIgdXLv5vyp1DR0wpQl
781,6waqLPcT6ruMhmd36OhmFO
782,3jmrIQTRL9ea0Xv4yCvJEJ
783,6b8Be6ljOzmkOmFslEb23P
784,7CisLSqtKbDw2VtpN6IuLw
785,1keIwLlHg0VZhoQQiTb0Xi
786,6RUKPb4LETWmmr3iAEQktW
787,79LAFAkR1ATb4iIQvZuCL0
788,4jK1VQQGDnNOLfyVXCxGsR
789,2L8cFPItBljPNJgPjTnuIf
790,3cNjgVBKTJ1SvKhunrCdVy
791,37jalmkAdkohJQj98FGU7r
792,6H0AwSQ20mo62jGlPGB8S6
793,5IZc3KIVFhjzJ0L2kiXzUl
794,7DuvVy7JfFgXwWlVzyyPys
795,09ts3GnICqYEU5PkQCpJK3
796,54RCDE1TAewECyX4WDUVm1
797,5nNmj1cLH3r4aA4XDJ2bgY
798,1B17jo7XD3lJ9AtrdE9kUd
799,56hUUEbFVeJXCmbdPfsy1T
800,3pWcj8hxj3fsb9TDAcMpEl
801,2QtJA4gbwe1AcanB2p21aP
802,2PEkXkHKvk4bnC1TgTDCDM
803,2xYlyywNgefLCRDG8hlxZq
804,0709StHzSeXpdj2zmqF2o2
805,5jx8tCxiO0uIbo2uNia23K
806,4jTiyLlOJVJj3mCr7yfPQD
807,5oyUurs28XRagLa8lgm6V3
808,3AqcBOSlJF7xMgvLpQoa3c
809,6KuHjfXHkfnIjdmcIvt9r0
810,7eIujedy82595w1DCYiHir
811,4UUFTQKwwId0n1P9t4ZQhx
812,7u0hfStBmf1j0yiD3Em39J
813,10ps1I1sIMRNZW11eceN7W
814,42bEgSDtpnXueIkPBgi1U0
815,4u7KjVIQPdzGCcAwg4W5Kl
816,4YX7OBp0yoMwC6eZNNg5ky
817,2WaOQWSv0D1tZNxyLvnGAI
818,5I6YA7oHtraxwWQzzCugDt
819,439TlnnznSiBbQbgXiBqAd
820,58spuRyMUsjKHQHEGwLC99
821,46aIq2GKW7Vr6i4g2Vvycd
822,62nFeTispaiYq1KzGrONsl
823,3gbBpTdY8lnQwqxNCcf795
824,6VRhkROS2SZHGlp0pxndbJ
825,0vcfOQOvTCv8ckiRs8Xc1Z
826,2DlIwu1iDTILEMXA7MUotn
827,73hlXep4OHLx28ewDZXexh
828,1Oi2zpmL81Q0yScF1zxaC0
829,6WUgEQwCbnaPrLf9V5K4HG
830,2XPc8gL9PwxGURQFcFaDJR
831,7qHAjAL7CpadaZLamuBZRm
832,6UQDIIEPzeduwXlZE86SOF
833,2rtaCqqM8hotwXKThsbKWb
834,3vYQTgxQWWM4VIDHi7qhQ5
835,6eL1ncVDtQHgSm3E288TS7
836,4AtZRwSR8BOTTQg5ihSggt
837,6kopVeL3LeqECoqKX1Wng2
838,3MykNWa65IP2VN1Qa6B9yK
839,1qDahv56bbyCytqvnvY2Yp
840,1V6gIisPpYqgFeWbMLI0bA
841,4EDeBzhZMcHEx7A8IcDiaL
842,3Rkk851fZjIsglV2jbBPDd
843,7tK1fO2PVs80OnVB1RSa89
844,7aXuop4Qambx5Oi3ynsKQr
845,1dbRZljBhUrIFrpLTXOXqq
846,5slddJ629YcePvqD6Uyk8r
847,7022xokeCJFSeZxw2npVkn
848,0AkQbXGN4KG34TS7xLrM68
849,5GOqOUVv7vk0jWDdNToHtA
850,5ubHAQtKuFfiG4FXfLP804
851,6GmUVqe73u5YRfUUynZK6I
852,3T6MAweakkNrMYs8jZIWtg
853,2YlZnw2ikdb837oKMKjBkW
854,5BtS8w1kkjLV1BbvB0t12u
855,7floNISpH8VF4z4459Qo18
856,4XRZbiVdsA5qv6f6qP70lS
857,0sl8awl4hoj9cjU2AJqBjl
858,5FVuERsYqtKKAaWe62NBnv
859,0AS63m1wHv9n4VVRizK6Hc
860,5Sn6Sn0L2bD9ihdz5pbUed
861,5lNuqFVMca4vPupY10cH0J
862,62vpWI1CHwFy7tMIcSStl8
863,6H75Ki32BRrJFQeDNR05s1
864,61mnlyQlnPuq1GEX0LxIWh
865,0wCC06ziWEkYOif44iFggw
866,72FdcAg79So8xaAHs2mbrB
867,4AtZRwSR8BOTTQg5ihSggt
868,1TjNQSl1Pc5Cqrn14B4gfL
869,4isk4UYRcmslphcTq61xUg
870,0sPJELXHyWpFgkxlzvvRFI
871,4lcXNTm9JrQpJYXqsENmFI
872,3ZhTT6yjZwpPph5MIJ53XY
873,0prNGof3XqfTvNDxHonvdK
874,5ffntNJnJOeFv7b7DCd0Bw
875,0rX4YStqUt1k1VEBe1U4HJ
876,3Du2K5dLzmduCNp6uwuaL0
877,6vECYJHxYmm3Ydt3fF01pE
878,2QjOHCTQ1Jl3zawyYOpxh6
879,4K2uH46kwmTFGjNlkeFuGI
880,1VdZ0vKfR5jneCmWIUAMxK
881,2sXp9Qmvc7mRaDBjBgcGGi
882,5OUSPcqhYTOzpbXzoEvKim
883,4ylWMuGbMXNDgDd8lErEle
884,4bkhs6spQvVnVJAlXuKR6a
885,4MofYf0f4ijlVV6elUW5S3
886,1uH1Nd8vet2uoZSDFSDwbh
887,3xdjjKMcMOFgo1eQrfbogM
888,72TyiiduRmczEbDIEtKQdR
889,7eB1V5LvAdxCc7brfGhRRo
890,63ZKUKbwb6Zozlk8LJCiPB
891,3pndPhlQWjuSoXhcIIdBjv
892,3obQ7Qx6YZt8r1KvTv7uk3
893,1eL8wZKx7CVJVbZG12becL
894,4WnY4W5KrqglCdIus8X9Bo
895,6MVdz8I7oYm86MRzZiOZa8
896,3oyMHCAAcnWFdcGuVgwfhd
897,1j8z4TTjJ1YOdoFEDwJTQa
898,7nkIQ02m4KItFfDfWrEApi
899,0pgeVJrdNok4KhbiM58ayZ
900,5MsZIaCYY6Tsdph0LiB0hE
901,3jSyE8r8vgg8fmwojoMzql
902,5W7xC99N2Zzfh69r7I7zWK
903,0HVba4HUwHnGlkHNitXMEL
904,3ts6xK5GzfMAAriT9AIBmP
905,6fujklziTHa8uoM5OQSfIo
906,6j8lAie0mdUNreql5d5Ejz
907,3N5oiETJEStSB71TjTFkWV
908,3WKg25vrbjJlkhsgl2W4p3
909,6mICuAdrwEjh6Y6lroV2Kg
910,6FE2iI43OZnszFLuLtvvmg
911,1y4eb6hmAvsqlDOl3fx9kk
912,64SgS8XyiJWFSz3YoMyYcE
913,2Fk0WwAqTBesLtKg97nojy
914,7l94dyN2hX9c6wWcZQuOGJ
915,0621F7y1cX0hJoQFIrrUaZ
916,6MAdEUilV2p9RQUqE5bMAK
917,3m8CQnnfJJp4eQMWWl3zay
918,1cktZnxiONH0hR6Q3DKy8h
919,70eDxAyAraNTiD6lx2ZEnH
920,0z9FCsy6jlFOvDGkdRhJpY
921,7uP8EdxzkWALJWz8q0MFAC
922,0ABHhxQTaluB94ohp2RLSr
923,3uMigZrW9l9De8roOy6CAn
924,4T0ScSPdQKmGvruK7pavNP
925,6WTJj7qXOh0XonzXAHUqGG
926,6s9ICeczYOfbHHIaSMq9jd
927,1PS1QMdUqOal0ai3Gt7sDQ
928,6E9V9TRlVOLjenGjHemzEH
929,0j55p8YRAPG8yajtNyjt6A
930,5C6uh95eAL0RBTSGXKQwvk
931,4MflGTO2ZTcSQ12bWcyRgI
932,0kIHfcHGFGm5xb0dSlKEdp
933,0Jf0wKB9XCXclc5EFX1Xmp
934,6xSsJNkReuJzerqcIlBzBi
935,4Fpq4QkR06QRDkujBUk0JY
936,1wjzFQodRWrPcQ0AnYnvQ9
937,3Te8uLyit6X3ncNW8Fp3K2
938,6GsAD8PgHxmEuIPTG8GP3M
939,2FRnf9qhLbvw8fu4IBXx78
940,38ismoqQYn75ruDSQ2Jtx8
941,5YbrqNUUleF39Ai3b3ruQy
942,4tK5L8FD5Gl1dSwhzXuU6K
943,36phXHOKx8rO7CMp2vNX4x
944,2QVzUws1l5mzZ4v46tGHrC
945,4F7A0DXBrmUAkp32uenhZt
946,6Knv6wdA0luoMUuuoYi2i1
947,34MJ07N9Bhu6iKPaxSVnCT
948,020ffiIfWvx5EH9VJ8Dkg2
949,2DLsQuwxEdXt2yp54vw355
950,6j7hih15xG2cdYwIJnQXsq
951,31VzsLjGvmj4TVCYPdgPQj
952,1EuacYSVGh6Rldxumz6gZg
953,275a9yzwGB6ncAW4SxY7q3
954,1j4kHkkpqZRBwE0A4CN4Yv
955,6MDTpYxPFL0wtFd0pjfKws
956,76N7FdzCI9OsiUnzJVLY2m
957,2sE61ZmvYH8wiOx5jygkHH
958,2p2cCrOaNrIOLk5ArtlHy6
959,3R6dPfF2yBO8mHySW1XDAa
960,33z5crv3IO5U2BOi8xod92
961,4Ce37cRWvM1vIGGynKcs22
962,24LS4lQShWyixJ0ZrJXfJ5
963,0aOluBqXYd0rFSCsgDyAWX
964,6WDjQq0Noeji2O3bFfFsNW
965,2Y48Q7HryWdPJZypJotjlJ
966,4Musyaro0NM5Awx8b5c627
967,4YMqbFcDIFiCBd02PzUBcM
968,4IU4LkwVDUxRIokzHqiyhQ
969,0q5DrtpnnGpOvBy5nnPMbe
970,01pOtDU5YHWbxuNBzlRUem
971,2EvddT8rcO99bKH0rDHAYG
972,6c4w7qJd1gTmr90spDfUyM
973,0j2r2jGG0IJVdUboypMFYO
974,6VwBbL8CzPiC4QV66ay7oR
975,6UsoV6X96Rox9mfxoz7SFy
976,3d1Hbu6v1uJ2rTClxKYYRl
977,32DF61LCyB0t9SamSsEuFX
978,7jaNWATwHI5PUmJsz34TJ6
979,16PNN9wK1LbedzcTp7y8y0
980,0UAmPUdpTRq8w54B3H8TzY
981,2WapqZd4oJUHZQihlFUcX5
982,4xInIiKipU1mtUogJ3ZdYr
983,53Dj5PCDhb22qWqmre3YQs
984,3un2KQUaQ2brEpd8dK93wI
985,2EUHzmBZux7SSra71cGkIB
986,7pNC5ZIKtwUK0ReSpM3P9f
987,3qyeNnFY67zX6VmmIbzPsL
988,013amIZ8QjBqviUEM2yNJZ
989,17wRLOv7UR7OQkCfzZpqRp
990,3bidbhpOYeV4knp8AIu8Xn
991,5uDASfU19gDxSjW8cnCaBp
992,1wZqJM5FGDEl3FjHDxDyQd
993,6N5DRCQUSXT1qQqmqsO92B
994,1vjx9wZEyhhM1VRmIoDiRk
995,4rylUVBblCUdmtDuYql6oI
996,4HRa9ZWcmZ8JD7UySPu0wT
997,1vBpwxsLVwaR4evBIaFmqD
998,6VB64hpnpRNqukYsIX76uo
999,0LG2cFomCi8Fb664Lvr3Nu
1000,4nMlau89VAjmV7agkl7OY3
1001,5lN1EH25gdiqT1SFALMAq1
1002,3yM53DMMIioxVy7Pha1hD0
1003,4ly1QBXEwYoDmje9rmEgC4
1004,75p6fgACKYIyIhsoG411SZ
1005,0uyZ5ckiIUbFZd3P6RWmrj
1006,0c6xIDDpzE81m2q797ordA
1007,4fv0mLkB3wY4Z2GAG1mWAN
1008,0RE8WWlaCQM6M4XHUK3u7b
1009,15WoYaFanAymIZuebfxvOt
1010,4elsQHzndSMtjrsbcwnZgf
1011,09iyGiljLWRYXdRazFkdtJ
1012,4wCmqSrbyCgxEXROQE6vtV
1013,2GyA33q5rti5IxkMQemRDH
1014,21jkhW2773dELgTMRJcMfI
1015,2rJWnAqSuLMls0KOv416Io
1016,1Xwh83YOFQARZ3QXscP123
1017,0iA1unTbTbDOWUSlbwJ1pS
1018,1tZ5C8zI326sIB4kBErdmC
1019,7gKW8jf6tHehuGp7VhoP7d
1020,5Sey3HgGa6KB46mlOyCClZ
1021,6Ozp6ac86CSHMik8lbvJuM
1022,0knbW9EwgSLfNFMWys1mQm
1023,1rIKgCH4H52lrvDcz50hS8
1024,1P17dC1amhFzptugyAO7Il
1025,0pN1Ld0Fr9DTUaCGbKRvlF
1026,0OWZFobGSIW9GrSlQ9C5pc
1027,7JNh1cfm0eXjqFVOzKLyau
1028,4N4CHJqFZHyB7SBUuSFu1y
1029,6Xs7OKt6i0Ddq8B4M5Dgvr
1030,11BIoKDpTJHX5mZt6p566h
1031,4WRRCuJYRq7gUKiupxVH9W
1032,4W38RXuQNuoTSwVsQA1OGC
1033,4PhsKqMdgMEUSstTDAmMpg
1034,2XEl9DfBj88c8p2bdfx1qu
1035,03ZtlmARAMWhAgZSIs6Fes
1036,731Pa6Gt7GAdADATMSEL0N
1037,1HYKv0B6bYycqpxWHydKy9
1038,3fpVWegR6YOS1Yk5HSMYIq
1039,038jgLNIvp7QQNf5vILf5d
1040,3ncgNpxLoBQ65ABk4djDyd
1041,5LSJS0HDpqsPzinG8LygXP
1042,0At2qAoaVjIwWNAqrscXli
1043,52ioLaTnO2J7BWY8UN2n9D
1044,5qvrdr7zsioSQsnQIRlWqC
1045,3tCwjWLicbjsMCvXhN0WOE
1046,1NJoVAf6HvRbAMH1Py2XmN
1047,3LbvNFkqDTrE1liGMmZBDL
1048,5WoaF1B5XIEnWfmb5NZikf
1049,2uZhNjlUQ9mnt0rS7hcAgF
1050,4I1tuOmbZUp6imx453rMui
1051,3n2A6l4UayVe3GGKCvfQWV
1052,3Du2K5dLzmduCNp6uwuaL0
1053,3GCdLUSnKSMJhs4Tj6CV3s
1054,3hYvGiw2Q8QE2YWdIJLBz0
1055,4T5Z4mbTe7kuGqgLpaRtTh
1056,3GfFnxBuDNay7D1srwrqZU
1057,17zF2ISrDrQdaULA8cxReK
1058,0mBkoM8r7KAQzZij5swTUL
1059,45iMRHmfLZu3yjdZ8P5e3t
1060,66hayvUbTotekKU3H4ta1f
1061,08f0fHqZigPgPHCfRjk8SC
1062,3pC8tUjIZPORslYYmJbJcz
1063,2ZxTjs4EdJl4Y9YByIiNoo
1064,2FTeQQ5Rg9tBpgpTF5mnhE
1065,6RjW45KHJ6kgI2xQ1aFa52
1066,15fZHvjZXoAILTvmt4EXIk
1067,6XD3HMATLswheYevIfKkSi
1068,63w0QA1wiV7QhF9jeiHETF
1069,66zGv3u5sEykCe0tt9zH1H
1070,35QGdv6aFbIaLM0Ozr3rHt
1071,53Y0kdCa1CZ9gRqEuknfwy
1072,1VpTwecl7EbQiGyVsvwFQE
1073,3GCdLUSnKSMJhs4Tj6CV3s
1074,7mldq42yDuxiUNn08nvzHO
1075,0171XsIM2xyeXRr6wsugEI
1076,5NetSTs4dgiR6GLrZOQcwJ
1077,0Utg7sirTPqrs6Cx0FbriQ
1078,3qKCDFZp192KBEEtFj7fDa
1079,5AKYyNPYhumqKeOMhdEgQO
1080,5mCttXluvE0gaIArboAoFA
1081,49zD0wr2S3d0lZPib0K4e1
1082,3yMVUGqVK5iTTkA8kGChH2
1083,5FIb3CWPjub8C5Yu2IxzTj
1084,5HJId22hZ2IvFnvNSy6ZbE
1085,43PuMrRfbyyuz4QpZ3oAwN
1086,0OlnLZY4cmQzT6ZGttvWBM
1087,66IULVOTImQG2u0cJ3Ls04
1088,0s6OWiWGuiCcm1Muzch5A8
1089,4bT9arnOOeRLIn52sLjTIh
1090,2C2TGgFzrTRIOdQS1vUN5h
1091,14sAMwqbuFDSlLKmVBD9MI
1092,5y1ojCNp0g9IU7tmsrXPQk
1093,6C2XDnr9B6obGMVhHS1Nmo
1094,2jwGTxCfrIrvfEJduk81mY
1095,0Xwe04ieWuJJLRYS5omVfk
1096,1HXy5I3HTWq8OvxCn0z7G7
1097,2Ima72UXnfvR539afL3SAF
1098,5UdicZrmNt418AmwNixCJP
1099,160hN2OsDXnmgExwtG7cvD
1100,4HiryJmwSwizCo4l2N7PpE
1101,6J5sxraPPZ4b0CVOGAgpXj
1102,6PQ0WLZnT479J7Q1TGIb3n
1103,4xIWgRt9IcFed52w7XPdFG
1104,0ipcmHor30Y8p6hCd8QUVq
1105,3wx2kQWPn9p5UppQbNhPAk
1106,1J0Zt2Sa9J9BRarqXnP5Uz
1107,0drVeoGy7njENU29Z3lPEy
1108,7iN1s7xHE4ifF5povM6A48
1109,5w3NgfV8v1nNZFLUBlGHIL
1110,2eQQ7YHhROyqSPiMrTOuum
1111,2CRbiMK0W14l71SpDKqKZM
1112,7iaw359G2XT14uTfV9feip
1113,2BrzlUj1u1CtvaJDGIKpsP
1114,28ov70yrukmJDAFtiThdTS
1115,2w9K8zyrxcAwRKRti0BvFa
1116,5uQOauh47VFt3B2kV9kRXw
1117,1vvNmPOiUuyCbgWmtc6yfm
1118,5WI2ltQIdwgzf1SNE76JyR
1119,7ef4DlsgrMEH11cDZd32M6
1120,1So1tVk3gybvc2I0JY8K22
1121,4dVpf9jZjcORqGTLUaeYj9
1122,3ZhTT6yjZwpPph5MIJ53XY
1123,4WmS1ZuledEAlrpJv1E22s
1124,2QlPByrmEO9XciNBXCrawR
1125,0VZ9xPNa6ROafP6GYYuv2S
1126,00NAQYOP4AmWR549nnYJZu
1127,5fc3CYrNkLym4ifJgnJtmv
1128,4kbj5MwxO1bq9wjT5g9HaA
1129,31x4wWBghN7f5PiEZUmcAW
1130,5CG9Ps5ynNjpKJHmwc95pa
1131,5BNgkhr9nadjc1cJGpeJAs
1132,71DDK14XVxkXLmG3AVi1BP
1133,6YGqR5D82R4xc4pqgj0KZo
1134,6kex4EBAj0WHXDKZMEJaaF
1135,19OKWQPIupVomZOgBHvhV3
1136,2l1fWY1albInvAG9t8WP2p
1137,1KDYN3odJHnj9pqGHN3FVs
1138,4Qs8uJL6dhsJJKl2rX8a9F
1139,3mHAyclWdtFASQuobdnDf8
1140,7ciLq0Cip0yxiz6KANrOUq
1141,0YKvEXArXE4GeGzqCsaifN
1142,0kN8xEmgMW9mh7UmDYHlJP
1143,2q6GtPq9oMHyjebvjk9qT7
1144,0y1QJc3SJVPKJ1OvFmFqe6
1145,0nJW01T7XtvILxQgC5J7Wh
1146,5E4CJfa6yZNGSKVFSUgaBt
1147,1eYTN19ZXz0i9iuIX2TD5U
1148,5RGf8qn1TBWVplLyyKUsuV
1149,2GICtNjlmq5w1XIQ9s0D9y
1150,39N9RPD9MRb5WmoLzNzPeA
1151,5rb9QrpfcKFHM1EUbSIurX
1152,1hzJQIkgXwZevaKsc7iA6D
1153,3OZVqx1YsqDDkxQ6TnmHtn
1154,4qKcDkK6siZ7Jp1Jb4m0aL
1155,4Dm32oO01YpIubCHaAtKkN
1156,4YX7OBp0yoMwC6eZNNg5ky
1157,6WCqjXvMxAN2yP4dzeoyhF
1158,5y6pj7OeBFF0CVgZKhRbOG
1159,3le02vCQLrhxWNi3C7AlDu
1160,5ZManJDV3CexO66nRCkdiV
1161,1yxgsra98r3qAtxqiGZPiX
1162,53c9tTEHXWL5GkYNalbXZ3
1163,1MSM3Fo2fvnwVqMcz8Jhjq
1164,0zO8ctW0UiuOefR87OeJOZ
1165,6IFPfV8PNSYOmufzQ95hmm
1166,6Za3190Sbw39BBC77WSS1C
1167,0i5el041vd6nxrGEU8QRxy
1168,3LlAyCYU26dvFZBDUIMb7a
1169,5FVd6KXrgO9B3JPmC8OPst
1170,7FOgj5HLQd9LXGKXot1RhA
1171,4Ro98RCK90oHqqSZUnTFq5
1172,4QAXLB2Hkx3n7LbOFxD34h
1173,57JVGBtBLCfHw2muk5416J
1174,2ZxTjs4EdJl4Y9YByIiNoo
1175,3umS4y3uQDkqekNjVpiRUs
1176,3oiMJQAWVaxSubJ7b2VUtX
1177,0Hf4aIJpsN4Os2f0y0VqWl
1178,7LVHVU3tWfcxj5aiPFEW4Q
1179,1rfofaqEpACxVEHIZBJe6W
1180,4x7Di9FZJXJoxHjLxjImmp
1181,2ZekuYUoEIBrUwHOY0gcgB
1182,6HMHgBHdLBQ0QYIaOp2gse
1183,4WtkYdCG4n80h08Ep5SmDI
1184,1kPHeyfJHPqJDdf3wfcvNf
1185,4Az17HfqonKSWNsaLgTBeK
1186,08wJ1B9yu9sPeoRa5fbpr3
1187,6yIMatK8OCXC3GuIlwHxuM
1188,7zNM46fo01dCBidY4yGNTZ
1189,1Ejsu5JglwIgrFW7Bt2GuL
1190,33LSgUa20mKNgeut1XwP2E
1191,6nlA3j4n3KAY8AgEGmos2o
1192,3wxgj5N8ZKoZWHDw6FJUf2
1193,4lnnde7PnrXR3pUzQKBe6X
1194,1blSBtrZgDJIWQl0BlAyov
1195,5qNkZdbdfL9tQm1ppZmUrW
1196,69DR48pXzSabFUfQfDDJDb
1197,38gZVjeaeR3gcnCzziAxBm
1198,7uzmGiiJyRfuViKKK3lVmR
1199,3muBQDekYAg7jm6hDu6R0Z
1200,4sX8e5VkqBWA7IIooImSsS
1201,0gb1J5UrTpzaU1s3nupgCd
1202,1HOUzEsetdIPSpAgRPhZQt
1203,5Mw9bXG1dLNhbjofkVS2oR
1204,4afMG2PlvFfX976bZJvHmb
1205,5jROdl6MhcmP3O7h2sVgtw
1206,5de7ci7TFqbQ1PFgKAD7MR
1207,5rXDTihGQ3TkYE3pmraAmH
1208,6Z8R6UsFuGXGtiIxiD8ISb
1209,1BZG99C7Co1r6QUC3zaS59
1210,6wfTb2he5ANMQSFnlamnyi
1211,0158TMiGmHyibaDeaUKayX
1212,4NYwy0R3NdvORX2B6OZXBT
1213,4fb0iBhHbQeiJHOfLr6R75
1214,6rqxivjFHp8K0yMiefG56g
1215,6aNwDe5YH5YUPlpHkku52w
1216,6mapJIPnQ23RTAevUoE0DL
1217,3pLTOP0G0etiWUknFoRpsr
1218,0QZ5yyl6B6utIWkxeBDxQN
1219,5nNmj1cLH3r4aA4XDJ2bgY
1220,2G634xynj7ev8r5c0sAL3T
1221,5prTs2HAw2G4idHZyeFp8o
1222,2wtJbMAEeCICHkszAggSw4
1223,7lGKEWMXVWWTt3X71Bv44I
1224,75L0qdzRnhwV62UXoNq3pE
1225,790MhTXPFrYkrqCKvpg4t1
1226,15fZHvjZXoAILTvmt4EXIk
1227,57kR5SniQIbsbVoIjjOUDa
1228,7LrZ3SczM7zlUkVlhevPp2
1229,2xTft6GEZeTyWNpdX94rkf
1230,1fHNx9MymVjrxGUbq8eh46
1231,12mGwph2YzDIlChtq3EdXP
1232,7MRyJPksH3G2cXHN8UKYzP
1233,74mZKvZcZzzvbOnt8NfWda
1234,3mSAhPW73pyeKoquI7E8B3
1235,6cAxSUPzHyywECgGSvoLyf
1236,47Bg6IrMed1GPbxRgwH2aC
1237,712uvW1Vezq8WpQi38v2L9
1238,5A6OHHy73AR5tLxgTc98zz
1239,2Tl0t18jgqJo0S7Fs2iy50
1240,38tKqQuqodiUYOsw6HWyeQ
1241,4RXpgGM7A4Hg7cFBoH5KyF
1242,0QTUoI90fBFdKkd4h8fsOu
1243,7jO0qPIBVGOmqxpCthE8H3
1244,2yZax79pOrYuyIFVW2cZY2
1245,1Ser4X0TKttOvo8bgdytTP
1246,77A7dWpSxVoauUbJn83Oj3
1247,454JIJlQ8GvrCoBvSfq3KA
1248,5ksoJlQJtduEkwQTo7UN7X
1249,020b0QxseQbcMTPKV49qRm
1250,7cvkXf3AwPGT041PyOi5VX
1251,2mCF8L0brIs88eH6Kf2h9p
1252,0WyFpxYlBCgH1gMXd26OOr
1253,3tZs3nVjySLbL320lP4mvs
1254,2BY7ALEWdloFHgQZG6VMLA
1255,2QJnTfMpNG05KFf2E3gVIJ
1256,1sfTdlWfcFdI7NfmcfZPii
1257,3I4QOvltiKcMu3xmnQjEct
1258,5vjLSffimiIP26QG5WcN2K
1259,6aUhfNWYnMThF3TGtuYUUu
1260,1TGJxtVHgPHKVt6K7sPn1T
1261,7vnz4bIM8Y1iJmvQwiMPXq
1262,5MmyCzy1Lc6ywv77f3BZpV
1263,6jmTHeoWvBaSrwWttr8Xvu
1264,2T4JE91t7Js1DJ4rSHltcQ
1265,3wdfLVUhmX64lIyWIIEW8s
1266,1LZNdHSaGjV2S9q8BrZwnh
1267,2Ih0U9yUuY0oU2In3h21If
1268,1BltsyC5W3SAABdxyrDXwi
1269,7lG4154Md1Kw7BMg56Pt4s
1270,5wldXGLEOoRXxMWJ8rIUWE
1271,6hr4weuSidHy2LNMw8UVJ2
1272,7AK5vh1cRnO3YxAjOjL4Yy
1273,3DZQ6mzUkAdHqZWzqxBKIK
1274,5puU24G3lHVsUXPAWW2ZpV
1275,56eRdpppqn0p93DjaoLBPe
1276,4qknM1pQz53QOyfDVTjcM9
1277,3f3eGePL5Ec3wh8D6Oc6eh
1278,5e9aFSdnkQUrm5y8Dhw0qN
1279,1zvQt99d5oTkEQLmSoO1yu
1280,561jH07mF1jHuk7KlaeF0s
1281,2l57cfmCnOkwNX1tky02n1
1282,2kG5litgxXvx6ZRgwO1v7W
1283,0Gl5s8IhMmQE5YQwM8Qx1J
1284,0ntQJM78wzOLVeCUAW7Y45
1285,4UEo1b0wWrtHMC8bVqPiH8
1286,5Sne4V5etkqbRYvCV0Fqpp
1287,5Hroj5K7vLpIG4FNCRIjbP
1288,6KuHjfXHkfnIjdmcIvt9r0
1289,0WfKDYeUAoLA3vdvLKKWMW
1290,3rh2f6nqswpfDN3Ef6Bi5J
1291,5fSPbm5lcwtqwXkeQQswW8
1292,2Z8WuEywRWYTKe1NybPQEW
1293,2dLLR6qlu5UJ5gk0dKz0h3
1294,2krzD9gBw8tI3fmFyCv4sR
1295,7KA4W4McWYRpgf0fWsJZWB
1296,282L6SR4Y8Rs0VUgtEy1Zw
1297,5zps32cgFG2c43QFKTBdlo
1298,0EGuSSpuu9wmHCtvb4PdLO
1299,0K1KOCeJBj3lpDYxEX9qP2
1300,7I5fYc4qKJddht8Ozhqqdx
1301,1Bqxj0aH5KewYHKUg1IdrF
1302,7EIbjRAv9K5ccoH4XivnTk
1303,7DkzLcSXS4KhSvbvIJja3M
1304,6REbwUNlppTfcnV4d4ZoZi
1305,2kEDuZRwYUoQLIYKpQfKWa
1306,07A3gDZJo7rKavXtgEXZY9
1307,7zsXy7vlHdItvUSH8EwQss
1308,3E9kjnz0hjlCAaNkpDAJLG
1309,7JnorPtXApoUw2AuJUGLY1
1310,1w9ta1CvXlJPRXh6Py2Mto
1311,6I3KeXBT0E9MoMqYz8srVq
1312,59J5nzL1KniFHnU120dQzt
1313,7xVLFuuYdAvcTfcP3IG3dS
1314,1TGJxtVHgPHKVt6K7sPn1T
